,CTYNAME,Total Staff Infected,Ratio_Hispanic_Pop,Hispanic Population Percentage
0,Denver,753.0,0.2967,29.67
1,Arapahoe,627.0,0.1949,19.49
2,Adams,500.0,0.4045,40.45
3,Jefferson,313.0,0.1549,15.49
4,Weld,280.0,0.2965,29.65
5,El Paso,253.0,0.1746,17.46
6,Boulder,182.0,0.1391,13.91
7,Larimer,148.0,0.1166,11.66
8,Morgan,146.0,0.3632,36.32
9,Douglas,128.0,0.0897,8.97
10,Alamosa,80.0,0.4581,45.81
11,Pueblo,60.0,0.43090000000000006,43.09
12,Montrose,54.0,0.2071,20.71
13,Gunnison,50.0,0.0935,9.35
14,Clear Creek,39.0,0.0737,7.37
15,Broomfield,34.0,0.126,12.6
16,Summit,19.0,0.1458,14.580000000000002
17,Teller,19.0,0.0676,6.76
18,San Miguel,16.0,0.1069,10.69
19,Chaffee,15.0,0.1013,10.13
20,Routt,14.0,0.0703,7.03
21,Eagle,12.0,0.2982,29.82
22,Kit Carson,9.0,0.18989999999999999,18.99
23,Prowers,7.0,0.3865,38.65
24,Saguache,6.0,0.3591,35.91
25,Garfield,6.0,0.2875,28.749999999999996
26,Pitkin,5.0,0.1013,10.13
27,Mesa,3.0,0.1479,14.790000000000001
28,Washington,0.0,0.1045,10.45
29,Sedgwick,0.0,0.16670000000000001,16.67
30,Rio Grande,0.0,0.43979999999999997,43.98
31,La Plata,0.0,0.1297,12.97
32,Otero,0.0,0.4208,42.08
33,Mineral,0.0,0.0644,6.4399999999999995
34,Logan,0.0,0.1634,16.34
35,Grand,0.0,0.09050000000000001,9.05
36,Gilpin,0.0,0.073,7.3
37,Fremont,0.0,0.1354,13.54
38,Costilla,0.0,0.6027,60.27
39,Cheyenne,0.0,0.1167,11.67
40,Yuma,0.0,0.2391,23.91
